{"cameraMode":{"drawMode":0,"name":"Shaded","section":"Shading Mode"},"sceneLighting":true,"audioPlay":false,"sceneViewState":{"m_AlwaysRefresh":false,"showFog":true,"showSkybox":true,"showFlares":true,"showImageEffects":true,"showParticleSystems":true,"showVisualEffectGraphs":true,"m_FxEnabled":true},"in2DMode":false,"pivot":{"x":4.4708638191223148,"y":3.9022774696350099,"z":17.553882598876954},"rotation":{"x":-0.17546527087688447,"y":-0.023295274004340173,"z":0.004138716962188482,"w":-0.9842132925987244},"size":7.069488048553467,"orthographic":false}